{
  "airfoil": "NACA23012",
  "alpha_deg": 7.511821624700257,
  "case_id": 1,
  "chord_mm": 300,
  "h_mm": 1000,
  "rotation_center": "quarter_chord",
  "rotation_sign": 1,
  "t_over_c": 0.1397523184816297
}
