{
  "airfoil": "NACA23012",
  "alpha_deg": 3.7325913648140547,
  "case_id": 13,
  "chord_mm": 300,
  "h_mm": 1000,
  "rotation_center": "quarter_chord",
  "rotation_sign": 1,
  "t_over_c": 0.1016355808491843
}
