{
  "airfoil": "NACA23012",
  "alpha_deg": 0.35648682233383777,
  "case_id": 14,
  "chord_mm": 300,
  "h_mm": 1000,
  "rotation_center": "quarter_chord",
  "rotation_sign": 1,
  "t_over_c": 0.13627206783739126
}
