{
  "airfoil": "NACA23012",
  "alpha_deg": 6.144159612719633,
  "case_id": 2,
  "chord_mm": 300,
  "h_mm": 1000,
  "rotation_center": "quarter_chord",
  "rotation_sign": 1,
  "t_over_c": 0.11974324723568623
}
