{
  "airfoil": "NACA23012",
  "alpha_deg": 7.011800687868022,
  "case_id": 15,
  "chord_mm": 300,
  "h_mm": 1000,
  "rotation_center": "quarter_chord",
  "rotation_sign": 1,
  "t_over_c": 0.10479986446625691
}
