{
  "airfoil": "NACA23012",
  "alpha_deg": 4.3498296060333645,
  "case_id": 10,
  "chord_mm": 300,
  "h_mm": 1000,
  "rotation_center": "quarter_chord",
  "rotation_sign": 1,
  "t_over_c": 0.12567935975968478
}
