{
  "airfoil": "NACA23012",
  "alpha_deg": 3.303194829291645,
  "case_id": 8,
  "chord_mm": 300,
  "h_mm": 1000,
  "rotation_center": "quarter_chord",
  "rotation_sign": 1,
  "t_over_c": 0.10726748944740326
}
