{
  "airfoil": "NACA23012",
  "alpha_deg": 5.753513108674807,
  "case_id": 6,
  "chord_mm": 300,
  "h_mm": 1000,
  "rotation_center": "quarter_chord",
  "rotation_sign": 1,
  "t_over_c": 0.1326907165660964
}
