{
  "airfoil": "NACA23012",
  "alpha_deg": 4.54959368767306,
  "case_id": 5,
  "chord_mm": 300,
  "h_mm": 1000,
  "rotation_center": "quarter_chord",
  "rotation_sign": 1,
  "t_over_c": 0.10013779556621535
}
