{
  "airfoil": "NACA23012",
  "alpha_deg": 2.3118314520104857,
  "case_id": 3,
  "chord_mm": 300,
  "h_mm": 1000,
  "rotation_center": "quarter_chord",
  "rotation_sign": 1,
  "t_over_c": 0.11211663224486289
}
